userID,placeID,rating,name
U1077,135085,2,Tortas Locas Hipocampo
U1108,135085,1,Tortas Locas Hipocampo
U1081,135085,1,Tortas Locas Hipocampo
U1056,135085,2,Tortas Locas Hipocampo
U1134,135085,2,Tortas Locas Hipocampo
U1116,135085,2,Tortas Locas Hipocampo
U1132,135085,2,Tortas Locas Hipocampo
U1120,135085,0,Tortas Locas Hipocampo
U1036,135085,2,Tortas Locas Hipocampo
U1084,135085,2,Tortas Locas Hipocampo
U1113,135085,1,Tortas Locas Hipocampo
U1104,135085,2,Tortas Locas Hipocampo
U1106,135085,2,Tortas Locas Hipocampo
U1045,135085,2,Tortas Locas Hipocampo
U1016,135085,2,Tortas Locas Hipocampo
U1007,135085,1,Tortas Locas Hipocampo
U1013,135085,1,Tortas Locas Hipocampo
U1001,135085,0,Tortas Locas Hipocampo
U1135,135085,0,Tortas Locas Hipocampo
U1032,135085,1,Tortas Locas Hipocampo
U1062,135085,0,Tortas Locas Hipocampo
U1092,135085,0,Tortas Locas Hipocampo
U1109,135085,2,Tortas Locas Hipocampo
U1122,135085,2,Tortas Locas Hipocampo
U1098,135085,1,Tortas Locas Hipocampo
U1033,135085,2,Tortas Locas Hipocampo
U1089,135085,1,Tortas Locas Hipocampo
U1027,135085,1,Tortas Locas Hipocampo
U1029,135085,1,Tortas Locas Hipocampo
U1086,135085,2,Tortas Locas Hipocampo
U1137,135085,2,Tortas Locas Hipocampo
U1046,135085,1,Tortas Locas Hipocampo
U1090,135085,2,Tortas Locas Hipocampo
U1059,135085,2,Tortas Locas Hipocampo
U1049,135085,0,Tortas Locas Hipocampo
U1002,135085,1,Tortas Locas Hipocampo
U1077,135038,2,Restaurant la Chalita
U1053,135038,2,Restaurant la Chalita
U1126,135038,1,Restaurant la Chalita
U1125,135038,2,Restaurant la Chalita
U1076,135038,1,Restaurant la Chalita
U1022,135038,2,Restaurant la Chalita
U1116,135038,2,Restaurant la Chalita
U1024,135038,1,Restaurant la Chalita
U1132,135038,1,Restaurant la Chalita
U1120,135038,0,Restaurant la Chalita
U1019,135038,0,Restaurant la Chalita
U1113,135038,1,Restaurant la Chalita
U1009,135038,2,Restaurant la Chalita
U1007,135038,1,Restaurant la Chalita
U1099,135038,0,Restaurant la Chalita
U1054,135038,2,Restaurant la Chalita
U1101,135038,2,Restaurant la Chalita
U1032,135038,1,Restaurant la Chalita
U1062,135038,0,Restaurant la Chalita
U1109,135038,2,Restaurant la Chalita
U1122,135038,2,Restaurant la Chalita
U1098,135038,1,Restaurant la Chalita
U1033,135038,1,Restaurant la Chalita
U1089,135038,0,Restaurant la Chalita
U1077,132825,2,puesto de tacos
U1055,132825,2,puesto de tacos
U1053,132825,1,puesto de tacos
U1081,132825,1,puesto de tacos
U1001,132825,2,puesto de tacos
U1056,132825,2,puesto de tacos
U1134,132825,1,puesto de tacos
U1116,132825,2,puesto de tacos
U1024,132825,1,puesto de tacos
U1132,132825,2,puesto de tacos
U1036,132825,2,puesto de tacos
U1071,132825,2,puesto de tacos
U1049,132825,0,puesto de tacos
U1104,132825,1,puesto de tacos
U1045,132825,2,puesto de tacos
U1009,132825,1,puesto de tacos
U1135,132825,0,puesto de tacos
U1062,132825,0,puesto de tacos
U1109,132825,2,puesto de tacos
U1085,132825,2,puesto de tacos
U1098,132825,1,puesto de tacos
U1003,132825,2,puesto de tacos
U1091,132825,0,puesto de tacos
U1029,132825,1,puesto de tacos
U1137,132825,2,puesto de tacos
U1114,132825,0,puesto de tacos
U1061,132825,1,puesto de tacos
U1057,132825,1,puesto de tacos
U1025,132825,0,puesto de tacos
U1059,132825,2,puesto de tacos
U1006,132825,1,puesto de tacos
U1002,132825,2,puesto de tacos
U1077,135060,1,Restaurante Marisco Sam
U1053,135060,2,Restaurante Marisco Sam
U1064,135060,1,Restaurante Marisco Sam
U1125,135060,1,Restaurante Marisco Sam
U1022,135060,1,Restaurante Marisco Sam
U1116,135060,0,Restaurante Marisco Sam
U1024,135060,1,Restaurante Marisco Sam
U1004,135060,1,Restaurante Marisco Sam
U1071,135060,1,Restaurante Marisco Sam
U1045,135060,2,Restaurante Marisco Sam
U1009,135060,1,Restaurante Marisco Sam
U1016,135060,2,Restaurante Marisco Sam
U1099,135060,2,Restaurante Marisco Sam
U1054,135060,2,Restaurante Marisco Sam
U1032,135060,1,Restaurante Marisco Sam
U1135,135060,0,Restaurante Marisco Sam
U1078,135060,2,Restaurante Marisco Sam
U1098,135060,2,Restaurante Marisco Sam
U1086,135060,1,Restaurante Marisco Sam
U1128,135060,0,Restaurante Marisco Sam
U1073,135060,0,Restaurante Marisco Sam
U1013,135060,1,Restaurante Marisco Sam
U1068,135104,1,vips
U1067,135104,0,vips
U1103,135104,1,vips
U1123,135104,2,vips
U1063,135104,1,vips
U1028,135104,0,vips
U1087,135104,1,vips
U1068,132740,0,Carreton de Flautas y Migadas
U1060,132740,1,Carreton de Flautas y Migadas
U1123,132740,1,Carreton de Flautas y Migadas
U1021,132740,2,Carreton de Flautas y Migadas
U1023,132740,0,Carreton de Flautas y Migadas
U1050,132740,0,Carreton de Flautas y Migadas
U1028,132740,1,Carreton de Flautas y Migadas
U1087,132740,1,Carreton de Flautas y Migadas
U1068,132663,1,tacos abi
U1103,132663,1,tacos abi
U1031,132663,0,tacos abi
U1082,132663,0,tacos abi
U1028,132663,0,tacos abi
U1087,132663,1,tacos abi
U1068,132732,0,Taqueria EL amigo 
U1067,132732,1,Taqueria EL amigo 
U1103,132732,0,Taqueria EL amigo 
U1082,132732,0,Taqueria EL amigo 
U1028,132732,1,Taqueria EL amigo 
U1050,132732,0,Taqueria EL amigo 
U1087,132732,2,Taqueria EL amigo 
U1043,132732,1,Taqueria EL amigo 
U1068,132630,1,palomo tec
U1067,132630,1,palomo tec
U1103,132630,1,palomo tec
U1082,132630,1,palomo tec
U1028,132630,2,palomo tec
U1043,132630,1,palomo tec
U1067,132584,2,Gorditas Dona Tota
U1103,132584,1,Gorditas Dona Tota
U1107,132584,2,Gorditas Dona Tota
U1123,132584,1,Gorditas Dona Tota
U1063,132584,2,Gorditas Dona Tota
U1050,132584,0,Gorditas Dona Tota
U1067,132733,1,Little Cesarz
U1103,132733,2,Little Cesarz
U1107,132733,2,Little Cesarz
U1060,132733,2,Little Cesarz
U1123,132733,1,Little Cesarz
U1023,132733,2,Little Cesarz
U1080,132733,1,Little Cesarz
U1082,132733,0,Little Cesarz
U1028,132733,1,Little Cesarz
U1068,132733,1,Little Cesarz
U1067,132560,1,puesto de gorditas
U1082,132560,0,puesto de gorditas
U1050,132560,0,puesto de gorditas
U1087,132560,1,puesto de gorditas
U1103,132613,2,carnitas_mata
U1070,132613,1,carnitas_mata
U1082,132613,0,carnitas_mata
U1123,132613,1,carnitas_mata
U1028,132613,2,carnitas_mata
U1043,132613,1,carnitas_mata
U1103,132667,1,little pizza Emilio Portes Gil
U1123,132667,1,little pizza Emilio Portes Gil
U1063,132667,1,little pizza Emilio Portes Gil
U1087,132667,2,little pizza Emilio Portes Gil
U1107,132660,2,carnitas mata calle Emilio Portes Gil
U1080,132660,2,carnitas mata calle Emilio Portes Gil
U1063,132660,2,carnitas mata calle Emilio Portes Gil
U1087,132660,1,carnitas mata calle Emilio Portes Gil
U1068,132660,0,carnitas mata calle Emilio Portes Gil
U1044,135088,2,Cafeteria cenidet
U1030,135088,1,Cafeteria cenidet
U1072,135088,0,Cafeteria cenidet
U1117,135088,1,Cafeteria cenidet
U1020,135088,1,Cafeteria cenidet
U1051,135088,1,Cafeteria cenidet
U1044,132583,1,McDonalds Centro
U1118,132583,0,McDonalds Centro
U1035,132583,1,McDonalds Centro
U1119,132583,2,McDonalds Centro
U1070,132608,2,Hamburguesas La perica
U1082,132608,0,Hamburguesas La perica
U1123,132608,1,Hamburguesas La perica
U1080,132608,2,Hamburguesas La perica
U1050,132608,0,Hamburguesas La perica
U1043,132608,1,Hamburguesas La perica
U1070,132609,1,Pollo_Frito_Buenos_Aires
U1082,132609,0,Pollo_Frito_Buenos_Aires
U1063,132609,1,Pollo_Frito_Buenos_Aires
U1050,132609,0,Pollo_Frito_Buenos_Aires
U1043,132609,1,Pollo_Frito_Buenos_Aires
U1031,132665,0,TACOS CORRECAMINOS
U1026,132665,2,TACOS CORRECAMINOS
U1065,132665,1,TACOS CORRECAMINOS
U1129,132665,0,TACOS CORRECAMINOS
U1039,132665,1,TACOS CORRECAMINOS
U1031,132668,0,TACOS EL GUERO
U1021,132668,2,TACOS EL GUERO
U1080,132668,1,TACOS EL GUERO
U1023,132715,0,tacos de la estacion
U1021,132715,2,tacos de la estacion
U1080,132715,1,tacos de la estacion
U1011,132715,1,tacos de la estacion
U1023,132717,0,tortas hawai
U1060,132717,2,tortas hawai
U1011,132717,2,tortas hawai
U1082,132594,0,tacos de barbacoa enfrente del Tec
U1123,132594,1,tacos de barbacoa enfrente del Tec
U1050,132594,0,tacos de barbacoa enfrente del Tec
U1087,132594,1,tacos de barbacoa enfrente del Tec
U1068,132594,1,tacos de barbacoa enfrente del Tec
U1060,132564,2,churchs
U1080,132564,1,churchs
U1039,132564,1,churchs
U1011,132564,1,churchs
U1015,135071,0,Restaurante la Cantina
U1088,135071,0,Restaurante la Cantina
U1124,135071,1,Restaurante la Cantina
U1094,135071,0,Restaurante la Cantina
U1115,135071,2,Restaurante la Cantina
U1111,135071,2,Restaurante la Cantina
U1037,135071,1,Restaurante la Cantina
U1092,135071,1,Restaurante la Cantina
U1025,135071,2,Restaurante la Cantina
U1026,132626,2,la perica hamburguesa
U1065,132626,1,la perica hamburguesa
U1039,132626,2,la perica hamburguesa
U1130,132626,0,la perica hamburguesa
U1044,134987,0,Chilis Cuernavaca
U1127,134987,2,Chilis Cuernavaca
U1118,134987,0,Chilis Cuernavaca
U1074,134987,2,Chilis Cuernavaca
U1083,135034,2,Michiko Restaurant Japones
U1095,135034,2,Michiko Restaurant Japones
U1048,135034,2,Michiko Restaurant Japones
U1061,135034,2,Michiko Restaurant Japones
U1097,135034,2,Michiko Restaurant Japones
U1083,132723,1,Gordas de morales
U1108,132723,2,Gordas de morales
U1084,132723,1,Gordas de morales
U1034,132723,1,Gordas de morales
U1095,132723,2,Gordas de morales
U1048,132723,2,Gordas de morales
U1092,132723,1,Gordas de morales
U1003,132723,2,Gordas de morales
U1137,132723,2,Gordas de morales
U1114,132723,0,Gordas de morales
U1061,132723,2,Gordas de morales
U1096,132723,1,Gordas de morales
U1083,135046,2,Restaurante El Reyecito
U1108,135046,1,Restaurante El Reyecito
U1134,135046,2,Restaurante El Reyecito
U1113,135046,2,Restaurante El Reyecito
U1092,135046,0,Restaurante El Reyecito
U1098,135046,1,Restaurante El Reyecito
U1033,135046,2,Restaurante El Reyecito
U1061,135046,1,Restaurante El Reyecito
U1112,135046,0,Restaurante El Reyecito
U1057,135046,1,Restaurante El Reyecito
U1136,135046,2,Restaurante El Reyecito
U1108,135075,2,Mariscos El Pescador
U1055,135075,2,Mariscos El Pescador
U1134,135075,2,Mariscos El Pescador
U1033,135075,2,Mariscos El Pescador
U1003,135075,2,Mariscos El Pescador
U1091,135075,2,Mariscos El Pescador
U1137,135075,2,Mariscos El Pescador
U1061,135075,2,Mariscos El Pescador
U1013,135075,2,Mariscos El Pescador
U1059,135075,2,Mariscos El Pescador
U1057,135075,0,Mariscos El Pescador
U1006,135075,1,Mariscos El Pescador
U1096,135075,1,Mariscos El Pescador
U1108,132572,1,Cafe Chaires
U1055,132572,2,Cafe Chaires
U1083,132572,2,Cafe Chaires
U1134,132572,0,Cafe Chaires
U1007,132572,1,Cafe Chaires
U1092,132572,1,Cafe Chaires
U1033,132572,1,Cafe Chaires
U1091,132572,2,Cafe Chaires
U1090,132572,1,Cafe Chaires
U1013,132572,1,Cafe Chaires
U1061,132572,1,Cafe Chaires
U1046,132572,1,Cafe Chaires
U1112,132572,0,Cafe Chaires
U1006,132572,1,Cafe Chaires
U1073,132572,0,Cafe Chaires
U1108,135074,2,Restaurante la Parroquia Potosina
U1083,135074,2,Restaurante la Parroquia Potosina
U1134,135074,2,Restaurante la Parroquia Potosina
U1136,135074,1,Restaurante la Parroquia Potosina
U1108,135028,1,La Virreina
U1055,135028,2,La Virreina
U1081,135028,1,La Virreina
U1106,135028,2,La Virreina
U1024,135028,1,La Virreina
U1132,135028,2,La Virreina
U1004,135028,2,La Virreina
U1071,135028,2,La Virreina
U1135,135028,0,La Virreina
U1109,135028,2,La Virreina
U1033,135028,2,La Virreina
U1089,135028,1,La Virreina
U1059,135028,1,La Virreina
U1025,135028,2,La Virreina
U1136,135028,2,La Virreina
U1108,135032,2,Cafeteria y Restaurant El Pacifico
U1053,135032,2,Cafeteria y Restaurant El Pacifico
U1081,135032,0,Cafeteria y Restaurant El Pacifico
U1088,135032,2,Cafeteria y Restaurant El Pacifico
U1106,135032,0,Cafeteria y Restaurant El Pacifico
U1124,135032,1,Cafeteria y Restaurant El Pacifico
U1125,135032,1,Cafeteria y Restaurant El Pacifico
U1018,135032,1,Cafeteria y Restaurant El Pacifico
U1022,135032,1,Cafeteria y Restaurant El Pacifico
U1075,135032,1,Cafeteria y Restaurant El Pacifico
U1024,135032,2,Cafeteria y Restaurant El Pacifico
U1132,135032,1,Cafeteria y Restaurant El Pacifico
U1005,135032,2,Cafeteria y Restaurant El Pacifico
U1120,135032,1,Cafeteria y Restaurant El Pacifico
U1004,135032,2,Cafeteria y Restaurant El Pacifico
U1071,135032,2,Cafeteria y Restaurant El Pacifico
U1113,135032,0,Cafeteria y Restaurant El Pacifico
U1104,135032,2,Cafeteria y Restaurant El Pacifico
U1045,135032,0,Cafeteria y Restaurant El Pacifico
U1016,135032,2,Cafeteria y Restaurant El Pacifico
U1007,135032,1,Cafeteria y Restaurant El Pacifico
U1054,135032,1,Cafeteria y Restaurant El Pacifico
U1101,135032,2,Cafeteria y Restaurant El Pacifico
U1032,135032,0,Cafeteria y Restaurant El Pacifico
U1135,135032,0,Cafeteria y Restaurant El Pacifico
U1109,135032,2,Cafeteria y Restaurant El Pacifico
U1098,135032,2,Cafeteria y Restaurant El Pacifico
U1049,135032,0,Cafeteria y Restaurant El Pacifico
U1108,135086,1,Mcdonalds Parque Tangamanga
U1034,135086,1,Mcdonalds Parque Tangamanga
U1095,135086,1,Mcdonalds Parque Tangamanga
U1007,135086,0,Mcdonalds Parque Tangamanga
U1091,135086,1,Mcdonalds Parque Tangamanga
U1019,135086,0,Mcdonalds Parque Tangamanga
U1061,135086,1,Mcdonalds Parque Tangamanga
U1112,135086,0,Mcdonalds Parque Tangamanga
U1096,135086,1,Mcdonalds Parque Tangamanga
U1097,135086,2,Mcdonalds Parque Tangamanga
U1108,135058,1,Restaurante Tiberius
U1084,135058,1,Restaurante Tiberius
U1009,135058,1,Restaurante Tiberius
U1095,135058,1,Restaurante Tiberius
U1007,135058,1,Restaurante Tiberius
U1032,135058,2,Restaurante Tiberius
U1135,135058,0,Restaurante Tiberius
U1109,135058,2,Restaurante Tiberius
U1122,135058,2,Restaurante Tiberius
U1089,135058,1,Restaurante Tiberius
U1137,135058,0,Restaurante Tiberius
U1114,135058,0,Restaurante Tiberius
U1061,135058,1,Restaurante Tiberius
U1046,135058,2,Restaurante Tiberius
U1097,135058,2,Restaurante Tiberius
U1128,135058,0,Restaurante Tiberius
U1058,135058,2,Restaurante Tiberius
U1010,135058,1,Restaurante Tiberius
U1012,135001,1,Vips
U1093,135001,2,Vips
U1100,135001,2,Vips
U1133,135001,2,Vips
U1118,135001,0,Vips
U1119,135001,2,Vips
U1041,135001,1,Vips
U1012,134983,2,Restaurant and Bar and Clothesline Carlos N Charlies
U1017,134983,0,Restaurant and Bar and Clothesline Carlos N Charlies
U1133,134983,1,Restaurant and Bar and Clothesline Carlos N Charlies
U1118,134983,0,Restaurant and Bar and Clothesline Carlos N Charlies
U1041,134983,2,Restaurant and Bar and Clothesline Carlos N Charlies
U1012,134996,2,Sanborns Casa Piedra
U1093,134996,2,Sanborns Casa Piedra
U1030,134996,0,Sanborns Casa Piedra
U1127,134996,2,Sanborns Casa Piedra
U1100,134996,2,Sanborns Casa Piedra
U1020,134996,1,Sanborns Casa Piedra
U1035,134996,2,Sanborns Casa Piedra
U1042,134996,2,Sanborns Casa Piedra
U1051,134996,1,Sanborns Casa Piedra
U1093,135019,2,Restaurant Bar Coty y Pablo
U1030,135019,0,Restaurant Bar Coty y Pablo
U1066,135019,2,Restaurant Bar Coty y Pablo
U1133,135019,1,Restaurant Bar Coty y Pablo
U1040,135019,1,Restaurant Bar Coty y Pablo
U1121,135019,2,Restaurant Bar Coty y Pablo
U1093,134976,2,Log Yin
U1100,134976,2,Log Yin
U1074,134976,2,Log Yin
U1079,134976,1,Log Yin
U1093,134999,2,Kiku Cuernavaca
U1066,134999,1,Kiku Cuernavaca
U1040,134999,1,Kiku Cuernavaca
U1110,134999,2,Kiku Cuernavaca
U1121,134999,2,Kiku Cuernavaca
U1030,135018,2,El Oceano Dorado
U1012,135018,2,El Oceano Dorado
U1117,135018,1,El Oceano Dorado
U1035,135018,1,El Oceano Dorado
U1093,135013,2,Giovannis
U1066,135013,1,Giovannis
U1040,135013,2,Giovannis
U1110,135013,2,Giovannis
U1030,134986,2,Restaurant Las Mananitas
U1012,134986,2,Restaurant Las Mananitas
U1133,134986,2,Restaurant Las Mananitas
U1044,134986,2,Restaurant Las Mananitas
U1119,134986,2,Restaurant Las Mananitas
U1035,134986,2,Restaurant Las Mananitas
U1079,134986,2,Restaurant Las Mananitas
U1042,134986,2,Restaurant Las Mananitas
U1093,132767,2,Restaurant Familiar El Chino
U1030,132767,0,Restaurant Familiar El Chino
U1066,132767,1,Restaurant Familiar El Chino
U1133,132767,0,Restaurant Familiar El Chino
U1110,132767,2,Restaurant Familiar El Chino
U1121,132767,2,Restaurant Familiar El Chino
U1030,135016,0,Arrachela Grill
U1072,135016,1,Arrachela Grill
U1117,135016,2,Arrachela Grill
U1093,135011,1,Los Vikingos
U1066,135011,1,Los Vikingos
U1074,135011,2,Los Vikingos
U1030,135109,0,Paniroles
U1020,135109,2,Paniroles
U1051,135109,1,Paniroles
U1041,135109,1,Paniroles
U1127,134975,2,Rincon del Bife
U1017,134975,2,Rincon del Bife
U1133,134975,1,Rincon del Bife
U1127,135021,2,Subway
U1100,135021,2,Subway
U1133,135021,2,Subway
U1118,135021,2,Subway
U1119,135021,0,Subway
U1121,135021,0,Subway
U1110,135021,1,Subway
U1042,135021,1,Subway
U1041,135021,2,Subway
U1017,132768,1,Mariscos Tia Licha
U1100,132768,2,Mariscos Tia Licha
U1118,132768,0,Mariscos Tia Licha
U1020,132768,2,Mariscos Tia Licha
U1051,132768,1,Mariscos Tia Licha
U1044,132768,2,Mariscos Tia Licha
U1119,132768,2,Mariscos Tia Licha
U1079,132768,2,Mariscos Tia Licha
U1042,132768,2,Mariscos Tia Licha
U1041,132768,2,Mariscos Tia Licha
U1100,135000,2,Restaurant los Pinos
U1117,135000,1,Restaurant los Pinos
U1072,135000,0,Restaurant los Pinos
U1035,135000,2,Restaurant los Pinos
U1133,132766,1,Mikasa
U1117,132766,0,Mikasa
U1079,132766,1,Mikasa
U1133,134992,1,Restaurant Teely
U1118,134992,0,Restaurant Teely
U1042,134992,1,Restaurant Teely
U1041,134992,2,Restaurant Teely
U1072,132773,2,El cotorreo
U1117,132773,1,El cotorreo
U1035,132773,2,El cotorreo
U1040,132773,1,El cotorreo
U1026,132561,1,cafe ambar
U1129,132561,1,cafe ambar
U1065,132561,1,cafe ambar
U1130,132561,0,cafe ambar
U1026,132706,0,Gorditas Dona Tota
U1129,132706,0,Gorditas Dona Tota
U1065,132706,2,Gorditas Dona Tota
U1130,132706,1,Gorditas Dona Tota
U1026,132654,0,Carnitas Mata  Calle 16 de Septiembre
U1129,132654,0,Carnitas Mata  Calle 16 de Septiembre
U1065,132654,1,Carnitas Mata  Calle 16 de Septiembre
U1130,132654,0,Carnitas Mata  Calle 16 de Septiembre
U1055,135051,1,Restaurante Versalles
U1088,135051,2,Restaurante Versalles
U1056,135051,2,Restaurante Versalles
U1022,135051,2,Restaurante Versalles
U1075,135051,1,Restaurante Versalles
U1024,135051,1,Restaurante Versalles
U1132,135051,1,Restaurante Versalles
U1045,135051,2,Restaurante Versalles
U1016,135051,2,Restaurante Versalles
U1054,135051,2,Restaurante Versalles
U1101,135051,2,Restaurante Versalles
U1001,135051,1,Restaurante Versalles
U1090,135051,1,Restaurante Versalles
U1049,135051,0,Restaurante Versalles
U1055,135025,2,El Rincon de San Francisco
U1053,135025,2,El Rincon de San Francisco
U1018,135025,1,El Rincon de San Francisco
U1022,135025,0,El Rincon de San Francisco
U1116,135025,2,El Rincon de San Francisco
U1132,135025,1,El Rincon de San Francisco
U1036,135025,2,El Rincon de San Francisco
U1071,135025,2,El Rincon de San Francisco
U1104,135025,2,El Rincon de San Francisco
U1007,135025,1,El Rincon de San Francisco
U1054,135025,2,El Rincon de San Francisco
U1001,135025,2,El Rincon de San Francisco
U1092,135025,2,El Rincon de San Francisco
U1090,135025,2,El Rincon de San Francisco
U1096,135025,2,El Rincon de San Francisco
U1083,135049,0,Restaurante de Mariscos la Langosta
U1034,135049,0,Restaurante de Mariscos la Langosta
U1048,135049,1,Restaurante de Mariscos la Langosta
U1137,135049,2,Restaurante de Mariscos la Langosta
U1097,135049,2,Restaurante de Mariscos la Langosta
U1055,135106,2,El Rinc�n de San Francisco
U1126,135106,2,El Rinc�n de San Francisco
U1024,135106,1,El Rinc�n de San Francisco
U1004,135106,2,El Rinc�n de San Francisco
U1106,135106,0,El Rinc�n de San Francisco
U1016,135106,2,El Rinc�n de San Francisco
U1101,135106,0,El Rinc�n de San Francisco
U1135,135106,0,El Rinc�n de San Francisco
U1078,135106,2,El Rinc�n de San Francisco
U1002,135106,1,El Rinc�n de San Francisco
U1083,135072,1,Sushi Itto
U1084,135072,2,Sushi Itto
U1095,135072,2,Sushi Itto
U1013,135072,2,Sushi Itto
U1089,135072,1,Sushi Itto
U1114,135072,0,Sushi Itto
U1096,135072,1,Sushi Itto
U1136,135072,1,Sushi Itto
U1083,132755,2,La Estrella de Dimas
U1048,132755,2,La Estrella de Dimas
U1003,132755,2,La Estrella de Dimas
U1137,132755,2,La Estrella de Dimas
U1114,132755,1,La Estrella de Dimas
U1083,135044,1,Restaurant Wu Zhuo Yi
U1134,135044,1,Restaurant Wu Zhuo Yi
U1046,135044,1,Restaurant Wu Zhuo Yi
U1059,135044,2,Restaurant Wu Zhuo Yi
U1055,135048,2,Restaurante Bar Fu-hao
U1048,135048,0,Restaurante Bar Fu-hao
U1061,135048,2,Restaurante Bar Fu-hao
U1112,135048,0,Restaurante Bar Fu-hao
U1006,135048,1,Restaurante Bar Fu-hao
U1136,135048,1,Restaurante Bar Fu-hao
U1055,135047,2,Restaurante Casa de las Flores
U1053,135047,2,Restaurante Casa de las Flores
U1134,135047,1,Restaurante Casa de las Flores
U1116,135047,2,Restaurante Casa de las Flores
U1106,135047,0,Restaurante Casa de las Flores
U1104,135047,1,Restaurante Casa de las Flores
U1029,135047,1,Restaurante Casa de las Flores
U1112,135047,0,Restaurante Casa de las Flores
U1025,135047,1,Restaurante Casa de las Flores
U1010,135047,1,Restaurante Casa de las Flores
U1055,132754,2,Cabana Huasteca
U1053,132754,1,Cabana Huasteca
U1134,132754,2,Cabana Huasteca
U1036,132754,2,Cabana Huasteca
U1106,132754,2,Cabana Huasteca
U1009,132754,1,Cabana Huasteca
U1122,132754,2,Cabana Huasteca
U1089,132754,1,Cabana Huasteca
U1029,132754,0,Cabana Huasteca
U1114,132754,0,Cabana Huasteca
U1003,132754,2,Cabana Huasteca
U1061,132754,2,Cabana Huasteca
U1059,132754,2,Cabana Huasteca
U1053,135076,1,Restaurante Pueblo Bonito
U1081,135076,1,Restaurante Pueblo Bonito
U1014,135076,1,Restaurante Pueblo Bonito
U1056,135076,2,Restaurante Pueblo Bonito
U1125,135076,1,Restaurante Pueblo Bonito
U1075,135076,2,Restaurante Pueblo Bonito
U1005,135076,2,Restaurante Pueblo Bonito
U1019,135076,0,Restaurante Pueblo Bonito
U1099,135076,1,Restaurante Pueblo Bonito
U1013,135076,1,Restaurante Pueblo Bonito
U1085,135076,2,Restaurante Pueblo Bonito
U1058,135076,2,Restaurante Pueblo Bonito
U1010,135076,1,Restaurante Pueblo Bonito
U1053,135063,2,Restaurante Alhondiga
U1125,135063,1,Restaurante Alhondiga
U1022,135063,2,Restaurante Alhondiga
U1071,135063,2,Restaurante Alhondiga
U1009,135063,0,Restaurante Alhondiga
U1135,135063,0,Restaurante Alhondiga
U1109,135063,2,Restaurante Alhondiga
U1086,135063,1,Restaurante Alhondiga
U1053,135042,2,Restaurant Oriental Express
U1064,135042,1,Restaurant Oriental Express
U1014,135042,1,Restaurant Oriental Express
U1125,135042,1,Restaurant Oriental Express
U1076,135042,2,Restaurant Oriental Express
U1024,135042,1,Restaurant Oriental Express
U1005,135042,2,Restaurant Oriental Express
U1036,135042,2,Restaurant Oriental Express
U1071,135042,2,Restaurant Oriental Express
U1106,135042,2,Restaurant Oriental Express
U1016,135042,1,Restaurant Oriental Express
U1099,135042,1,Restaurant Oriental Express
U1032,135042,0,Restaurant Oriental Express
U1135,135042,0,Restaurant Oriental Express
U1085,135042,0,Restaurant Oriental Express
U1109,135042,2,Restaurant Oriental Express
U1027,135042,1,Restaurant Oriental Express
U1137,135042,2,Restaurant Oriental Express
U1049,135042,0,Restaurant Oriental Express
U1010,135042,2,Restaurant Oriental Express
U1053,135053,2,La Fontana Pizza Restaurante and Cafe
U1114,135053,0,La Fontana Pizza Restaurante and Cafe
U1062,135053,0,La Fontana Pizza Restaurante and Cafe
U1122,135053,2,La Fontana Pizza Restaurante and Cafe
U1128,135053,0,La Fontana Pizza Restaurante and Cafe
U1058,135053,2,La Fontana Pizza Restaurante and Cafe
U1097,135053,2,La Fontana Pizza Restaurante and Cafe
U1010,135053,1,La Fontana Pizza Restaurante and Cafe
U1053,135081,2,El Club
U1014,135081,2,El Club
U1088,135081,1,El Club
U1056,135081,2,El Club
U1124,135081,1,El Club
U1125,135081,0,El Club
U1018,135081,1,El Club
U1022,135081,0,El Club
U1075,135081,1,El Club
U1085,135081,2,El Club
U1078,135081,1,El Club
U1053,135062,2,Restaurante El Cielo Potosino
U1056,135062,2,Restaurante El Cielo Potosino
U1125,135062,1,Restaurante El Cielo Potosino
U1018,135062,0,Restaurante El Cielo Potosino
U1022,135062,1,Restaurante El Cielo Potosino
U1075,135062,1,Restaurante El Cielo Potosino
U1132,135062,2,Restaurante El Cielo Potosino
U1004,135062,2,Restaurante El Cielo Potosino
U1104,135062,1,Restaurante El Cielo Potosino
U1106,135062,2,Restaurante El Cielo Potosino
U1016,135062,2,Restaurante El Cielo Potosino
U1054,135062,2,Restaurante El Cielo Potosino
U1062,135062,0,Restaurante El Cielo Potosino
U1027,135062,1,Restaurante El Cielo Potosino
U1019,135062,0,Restaurante El Cielo Potosino
U1137,135062,2,Restaurante El Cielo Potosino
U1090,135062,2,Restaurante El Cielo Potosino
U1112,135062,0,Restaurante El Cielo Potosino
U1073,135062,0,Restaurante El Cielo Potosino
U1002,135062,1,Restaurante El Cielo Potosino
U1058,135062,2,Restaurante El Cielo Potosino
U1081,135069,1,Abondance Restaurante Bar
U1064,135069,0,Abondance Restaurante Bar
U1014,135069,1,Abondance Restaurante Bar
U1088,135069,1,Abondance Restaurante Bar
U1126,135069,0,Abondance Restaurante Bar
U1124,135069,1,Abondance Restaurante Bar
U1018,135069,0,Abondance Restaurante Bar
U1094,135069,0,Abondance Restaurante Bar
U1105,135069,0,Abondance Restaurante Bar
U1115,135069,1,Abondance Restaurante Bar
U1069,135069,0,Abondance Restaurante Bar
U1008,135069,1,Abondance Restaurante Bar
U1064,135057,1,El Herradero Restaurante and Bar
U1088,135057,1,El Herradero Restaurante and Bar
U1014,135057,1,El Herradero Restaurante and Bar
U1126,135057,2,El Herradero Restaurante and Bar
U1124,135057,1,El Herradero Restaurante and Bar
U1018,135057,1,El Herradero Restaurante and Bar
U1022,135057,2,El Herradero Restaurante and Bar
U1094,135057,0,El Herradero Restaurante and Bar
U1105,135057,0,El Herradero Restaurante and Bar
U1007,135057,1,El Herradero Restaurante and Bar
U1075,135057,2,El Herradero Restaurante and Bar
U1115,135057,2,El Herradero Restaurante and Bar
U1005,135057,1,El Herradero Restaurante and Bar
U1120,135057,2,El Herradero Restaurante and Bar
U1113,135057,2,El Herradero Restaurante and Bar
U1081,135043,0,pizza clasica
U1014,135043,1,pizza clasica
U1018,135043,0,pizza clasica
U1125,135043,1,pizza clasica
U1005,135043,0,pizza clasica
U1099,135043,2,pizza clasica
U1085,135043,2,pizza clasica
U1057,135043,1,pizza clasica
U1058,135043,1,pizza clasica
U1081,135039,0,Restaurant de Mariscos de Picon
U1124,135039,1,Restaurant de Mariscos de Picon
U1076,135039,2,Restaurant de Mariscos de Picon
U1105,135039,0,Restaurant de Mariscos de Picon
U1075,135039,2,Restaurant de Mariscos de Picon
U1024,135039,2,Restaurant de Mariscos de Picon
U1071,135039,2,Restaurant de Mariscos de Picon
U1104,135039,0,Restaurant de Mariscos de Picon
U1106,135039,2,Restaurant de Mariscos de Picon
U1054,135039,2,Restaurant de Mariscos de Picon
U1101,135039,1,Restaurant de Mariscos de Picon
U1001,135039,1,Restaurant de Mariscos de Picon
U1064,135052,2,La Cantina Restaurante
U1081,135052,0,La Cantina Restaurante
U1056,135052,2,La Cantina Restaurante
U1126,135052,2,La Cantina Restaurante
U1022,135052,2,La Cantina Restaurante
U1116,135052,2,La Cantina Restaurante
U1105,135052,0,La Cantina Restaurante
U1132,135052,2,La Cantina Restaurante
U1036,135052,2,La Cantina Restaurante
U1071,135052,2,La Cantina Restaurante
U1106,135052,0,La Cantina Restaurante
U1104,135052,1,La Cantina Restaurante
U1045,135052,1,La Cantina Restaurante
U1009,135052,2,La Cantina Restaurante
U1016,135052,2,La Cantina Restaurante
U1054,135052,2,La Cantina Restaurante
U1101,135052,2,La Cantina Restaurante
U1135,135052,0,La Cantina Restaurante
U1062,135052,0,La Cantina Restaurante
U1078,135052,2,La Cantina Restaurante
U1027,135052,1,La Cantina Restaurante
U1090,135052,2,La Cantina Restaurante
U1073,135052,0,La Cantina Restaurante
U1049,135052,0,La Cantina Restaurante
U1002,135052,1,La Cantina Restaurante
U1081,135030,1,Preambulo Wifi Zone Cafe
U1116,135030,1,Preambulo Wifi Zone Cafe
U1024,135030,1,Preambulo Wifi Zone Cafe
U1071,135030,2,Preambulo Wifi Zone Cafe
U1084,135030,2,Preambulo Wifi Zone Cafe
U1104,135030,2,Preambulo Wifi Zone Cafe
U1106,135030,2,Preambulo Wifi Zone Cafe
U1122,135030,2,Preambulo Wifi Zone Cafe
U1033,135030,2,Preambulo Wifi Zone Cafe
U1057,135030,1,Preambulo Wifi Zone Cafe
U1059,135030,2,Preambulo Wifi Zone Cafe
U1006,135030,1,Preambulo Wifi Zone Cafe
U1081,135027,0,Restaurant Orizatlan
U1056,135027,2,Restaurant Orizatlan
U1076,135027,0,Restaurant Orizatlan
U1116,135027,0,Restaurant Orizatlan
U1024,135027,1,Restaurant Orizatlan
U1132,135027,2,Restaurant Orizatlan
U1077,135027,0,Restaurant Orizatlan
U1101,135027,2,Restaurant Orizatlan
U1001,132830,1,Rincon Huasteco
U1088,132830,0,Rincon Huasteco
U1014,132830,2,Rincon Huasteco
U1126,132830,0,Rincon Huasteco
U1094,132830,0,Rincon Huasteco
U1105,132830,0,Rincon Huasteco
U1075,132830,1,Rincon Huasteco
U1115,132830,2,Rincon Huasteco
U1005,132830,1,Rincon Huasteco
U1037,132830,2,Rincon Huasteco
U1019,132830,0,Rincon Huasteco
U1025,132830,2,Rincon Huasteco
U1088,135108,2,Potzocalli
U1126,135108,2,Potzocalli
U1124,135108,1,Potzocalli
U1018,135108,1,Potzocalli
U1094,135108,0,Potzocalli
U1007,135108,1,Potzocalli
U1115,135108,1,Potzocalli
U1037,135108,2,Potzocalli
U1069,135108,0,Potzocalli
U1008,135108,1,Potzocalli
U1111,135108,2,Potzocalli
U1014,135050,2,Restaurante la Estrella de Dima
U1056,135050,0,Restaurante la Estrella de Dima
U1124,135050,0,Restaurante la Estrella de Dima
U1125,135050,2,Restaurante la Estrella de Dima
U1075,135050,2,Restaurante la Estrella de Dima
U1005,135050,1,Restaurante la Estrella de Dima
U1085,135050,2,Restaurante la Estrella de Dima
U1058,135050,1,Restaurante la Estrella de Dima
U1014,135070,2,Restaurante 75
U1088,135070,2,Restaurante 75
U1124,135070,1,Restaurante 75
U1094,135070,0,Restaurante 75
U1115,135070,1,Restaurante 75
U1037,135070,0,Restaurante 75
U1069,135070,0,Restaurante 75
U1057,135070,1,Restaurante 75
U1088,135041,2,Luna Cafe
U1106,135041,1,Luna Cafe
U1126,135041,2,Luna Cafe
U1075,135041,1,Luna Cafe
U1024,135041,1,Luna Cafe
U1005,135041,1,Luna Cafe
U1049,135041,0,Luna Cafe
U1104,135041,1,Luna Cafe
U1045,135041,1,Luna Cafe
U1054,135041,2,Luna Cafe
U1101,135041,0,Luna Cafe
U1135,135041,0,Luna Cafe
U1078,135041,2,Luna Cafe
U1003,135041,0,Luna Cafe
U1086,135041,2,Luna Cafe
U1061,135041,2,Luna Cafe
U1002,135041,2,Luna Cafe
U1088,135082,2,la Estrella de Dimas
U1014,135082,0,la Estrella de Dimas
U1018,135082,2,la Estrella de Dimas
U1094,135082,0,la Estrella de Dimas
U1115,135082,2,la Estrella de Dimas
U1037,135082,0,la Estrella de Dimas
U1069,135082,0,la Estrella de Dimas
U1111,135082,1,la Estrella de Dimas
U1131,135082,0,la Estrella de Dimas
U1088,135054,2,Restaurante y Pescaderia Tampico
U1126,135054,1,Restaurante y Pescaderia Tampico
U1124,135054,1,Restaurante y Pescaderia Tampico
U1094,135054,0,Restaurante y Pescaderia Tampico
U1105,135054,0,Restaurante y Pescaderia Tampico
U1115,135054,0,Restaurante y Pescaderia Tampico
U1037,135054,2,Restaurante y Pescaderia Tampico
U1008,135054,1,Restaurante y Pescaderia Tampico
U1015,135054,1,Restaurante y Pescaderia Tampico
U1131,135054,2,Restaurante y Pescaderia Tampico
U1014,135066,2,Restaurante Guerra
U1056,135066,2,Restaurante Guerra
U1125,135066,1,Restaurante Guerra
U1018,135066,1,Restaurante Guerra
U1075,135066,2,Restaurante Guerra
U1005,135066,2,Restaurante Guerra
U1106,135066,2,Restaurante Guerra
U1016,135066,2,Restaurante Guerra
U1099,135066,1,Restaurante Guerra
U1122,135066,2,Restaurante Guerra
U1027,135066,0,Restaurante Guerra
U1058,135066,1,Restaurante Guerra
U1134,135026,0,la Cantina
U1120,135026,1,la Cantina
U1084,135026,2,la Cantina
U1048,135026,2,la Cantina
U1046,135026,1,la Cantina
U1089,135026,1,la Cantina
U1061,135026,2,la Cantina
U1112,135026,1,la Cantina
U1097,135026,1,la Cantina
U1006,135026,2,la Cantina
U1096,135026,2,la Cantina
U1134,135059,2,Restaurant Bar Hacienda los Martinez
U1116,135059,0,Restaurant Bar Hacienda los Martinez
U1036,135059,2,Restaurant Bar Hacienda los Martinez
U1009,135059,2,Restaurant Bar Hacienda los Martinez
U1085,135059,2,Restaurant Bar Hacienda los Martinez
U1029,135059,2,Restaurant Bar Hacienda los Martinez
U1137,135059,2,Restaurant Bar Hacienda los Martinez
U1002,135059,1,Restaurant Bar Hacienda los Martinez
U1003,135059,2,Restaurant Bar Hacienda los Martinez
U1134,135065,2,El angel Restaurante
U1036,135065,0,El angel Restaurante
U1048,135065,2,El angel Restaurante
U1122,135065,2,El angel Restaurante
U1033,135065,1,El angel Restaurante
U1114,135065,0,El angel Restaurante
U1046,135065,2,El angel Restaurante
U1073,135065,0,El angel Restaurante
U1010,135065,1,El angel Restaurante
U1134,135079,1,Koye Sushi
U1036,135079,2,Koye Sushi
U1113,135079,1,Koye Sushi
U1106,135079,2,Koye Sushi
U1009,135079,1,Koye Sushi
U1013,135079,1,Koye Sushi
U1032,135079,2,Koye Sushi
U1019,135079,0,Koye Sushi
U1122,135079,2,Koye Sushi
U1098,135079,2,Koye Sushi
U1089,135079,0,Koye Sushi
U1003,135079,2,Koye Sushi
U1112,135079,1,Koye Sushi
U1097,135079,2,Koye Sushi
U1128,135079,0,Koye Sushi
U1006,135079,1,Koye Sushi
U1010,135079,0,Koye Sushi
U1134,135055,2,la Cochinita Pibil Restaurante Yucateco
U1095,135055,2,la Cochinita Pibil Restaurante Yucateco
U1085,135055,2,la Cochinita Pibil Restaurante Yucateco
U1034,135055,0,la Cochinita Pibil Restaurante Yucateco
U1096,135055,2,la Cochinita Pibil Restaurante Yucateco
U1136,135055,2,la Cochinita Pibil Restaurante Yucateco
U1058,135055,2,la Cochinita Pibil Restaurante Yucateco
U1134,135080,1,los Toneles
U1003,135080,2,los Toneles
U1091,135080,0,los Toneles
U1061,135080,2,los Toneles
U1057,135080,1,los Toneles
U1073,135080,0,los Toneles
U1134,135064,2,Restaurante El Chivero S.A. de C.V.
U1036,135064,2,Restaurante El Chivero S.A. de C.V.
U1106,135064,2,Restaurante El Chivero S.A. de C.V.
U1045,135064,0,Restaurante El Chivero S.A. de C.V.
U1095,135064,1,Restaurante El Chivero S.A. de C.V.
U1122,135064,1,Restaurante El Chivero S.A. de C.V.
U1089,135064,1,Restaurante El Chivero S.A. de C.V.
U1003,135064,0,Restaurante El Chivero S.A. de C.V.
U1059,135064,1,Restaurante El Chivero S.A. de C.V.
U1112,135064,0,Restaurante El Chivero S.A. de C.V.
U1057,135064,1,Restaurante El Chivero S.A. de C.V.
U1025,135064,2,Restaurante El Chivero S.A. de C.V.
U1128,135064,0,Restaurante El Chivero S.A. de C.V.
U1073,135064,0,Restaurante El Chivero S.A. de C.V.
U1096,135064,1,Restaurante El Chivero S.A. de C.V.
U1136,135064,1,Restaurante El Chivero S.A. de C.V.
U1010,135064,0,Restaurante El Chivero S.A. de C.V.
U1126,135040,0,Restaurant los Compadres
U1022,135040,0,Restaurant los Compadres
U1105,135040,0,Restaurant los Compadres
U1001,135040,1,Restaurant los Compadres
U1076,135073,2,Restaurante Bar El Gallinero
U1022,135073,2,Restaurante Bar El Gallinero
U1024,135073,1,Restaurante Bar El Gallinero
U1101,135073,1,Restaurante Bar El Gallinero
U1022,135033,1,Restaurant El Muladar de Calzada
U1105,135033,0,Restaurant El Muladar de Calzada
U1104,135033,1,Restaurant El Muladar de Calzada
U1001,135033,1,Restaurant El Muladar de Calzada
U1022,135045,2,Restaurante la Gran Via
U1024,135045,2,Restaurante la Gran Via
U1120,135045,1,Restaurante la Gran Via
U1036,135045,2,Restaurante la Gran Via
U1084,135045,2,Restaurante la Gran Via
U1016,135045,2,Restaurante la Gran Via
U1099,135045,1,Restaurante la Gran Via
U1054,135045,2,Restaurante la Gran Via
U1001,135045,1,Restaurante la Gran Via
U1135,135045,0,Restaurante la Gran Via
U1062,135045,0,Restaurante la Gran Via
U1033,135045,2,Restaurante la Gran Via
U1086,135045,2,Restaurante la Gran Via
U1116,132834,2,Gorditas Doa Gloria
U1075,132834,1,Gorditas Doa Gloria
U1024,132834,1,Gorditas Doa Gloria
U1036,132834,1,Gorditas Doa Gloria
U1071,132834,1,Gorditas Doa Gloria
U1104,132834,1,Gorditas Doa Gloria
U1106,132834,2,Gorditas Doa Gloria
U1045,132834,1,Gorditas Doa Gloria
U1009,132834,2,Gorditas Doa Gloria
U1016,132834,2,Gorditas Doa Gloria
U1099,132834,2,Gorditas Doa Gloria
U1135,132834,0,Gorditas Doa Gloria
U1032,132834,1,Gorditas Doa Gloria
U1062,132834,0,Gorditas Doa Gloria
U1078,132834,0,Gorditas Doa Gloria
U1122,132834,2,Gorditas Doa Gloria
U1089,132834,1,Gorditas Doa Gloria
U1029,132834,0,Gorditas Doa Gloria
U1019,132834,0,Gorditas Doa Gloria
U1137,132834,2,Gorditas Doa Gloria
U1114,132834,0,Gorditas Doa Gloria
U1061,132834,1,Gorditas Doa Gloria
U1112,132834,1,Gorditas Doa Gloria
U1057,132834,1,Gorditas Doa Gloria
U1073,132834,0,Gorditas Doa Gloria
U1120,132845,1,Cenaduria El Rincón de Tlaquepaque
U1037,132845,0,Cenaduria El Rincón de Tlaquepaque
U1069,132845,0,Cenaduria El Rincón de Tlaquepaque
U1111,132845,2,Cenaduria El Rincón de Tlaquepaque
U1015,132845,1,Cenaduria El Rincón de Tlaquepaque
U1120,132846,2,el lechon potosino 
U1069,132846,0,el lechon potosino 
U1008,132846,1,el lechon potosino 
U1102,132846,2,el lechon potosino 
U1025,132846,2,el lechon potosino 
U1120,132847,2,don burguers
U1037,132847,1,don burguers
U1069,132847,0,don burguers
U1111,132847,0,don burguers
U1025,132847,2,don burguers
U1102,132847,2,don burguers
U1052,132851,1,KFC
U1069,132851,1,KFC
U1008,132851,1,KFC
U1111,132851,2,KFC
U1037,132851,2,KFC
U1015,132851,1,KFC
U1131,132851,2,KFC
U1038,132854,1,Sirlone
U1113,132854,0,Sirlone
U1008,132854,2,Sirlone
U1111,132854,2,Sirlone
U1037,132854,1,Sirlone
U1102,132854,2,Sirlone
U1038,132856,0,Unicols Pizza
U1071,132856,2,Unicols Pizza
U1019,132856,0,Unicols Pizza
U1113,132856,0,Unicols Pizza
U1106,132856,0,Unicols Pizza
U1045,132856,1,Unicols Pizza
U1016,132856,2,Unicols Pizza
U1099,132856,1,Unicols Pizza
U1054,132856,2,Unicols Pizza
U1101,132856,1,Unicols Pizza
U1032,132856,1,Unicols Pizza
U1135,132856,0,Unicols Pizza
U1109,132856,1,Unicols Pizza
U1098,132856,1,Unicols Pizza
U1038,132858,0,Hamburguesas Valle Dorado
U1069,132858,0,Hamburguesas Valle Dorado
U1008,132858,1,Hamburguesas Valle Dorado
U1111,132858,1,Hamburguesas Valle Dorado
U1102,132858,2,Hamburguesas Valle Dorado
U1038,132861,1,Carls Jr
U1084,132861,2,Carls Jr
U1095,132861,1,Carls Jr
U1098,132861,2,Carls Jr
U1091,132861,1,Carls Jr
U1046,132861,1,Carls Jr
U1097,132861,2,Carls Jr
U1038,132862,2,La Posada del Virrey
U1071,132862,2,La Posada del Virrey
U1084,132862,2,La Posada del Virrey
U1106,132862,2,La Posada del Virrey
U1009,132862,2,La Posada del Virrey
U1016,132862,2,La Posada del Virrey
U1098,132862,1,La Posada del Virrey
U1003,132862,1,La Posada del Virrey
U1029,132862,1,La Posada del Virrey
U1137,132862,2,La Posada del Virrey
U1090,132862,2,La Posada del Virrey
U1112,132862,1,La Posada del Virrey
U1057,132862,1,La Posada del Virrey
U1059,132862,0,La Posada del Virrey
U1073,132862,0,La Posada del Virrey
U1049,132862,0,La Posada del Virrey
U1002,132862,2,La Posada del Virrey
U1136,132862,2,La Posada del Virrey
U1084,135035,2,El Mundo de la Pasta
U1095,135035,2,El Mundo de la Pasta
U1034,135035,1,El Mundo de la Pasta
U1091,135035,1,El Mundo de la Pasta
U1052,132866,2,Chaires
U1008,132866,1,Chaires
U1015,132866,0,Chaires
U1025,132866,2,Chaires
U1131,132866,2,Chaires
U1052,132869,2,Dominos Pizza
U1008,132869,1,Dominos Pizza
U1111,132869,0,Dominos Pizza
U1037,132869,1,Dominos Pizza
U1015,132869,2,Dominos Pizza
U1131,132869,1,Dominos Pizza
U1052,132870,1,Tortas y hamburguesas el gordo
U1111,132870,0,Tortas y hamburguesas el gordo
U1015,132870,0,Tortas y hamburguesas el gordo
U1131,132870,0,Tortas y hamburguesas el gordo
U1102,132870,2,Tortas y hamburguesas el gordo
U1047,132875,0,shi ro ie
U1013,132875,2,shi ro ie
U1089,132875,1,shi ro ie
U1091,132875,1,shi ro ie
U1027,132875,1,shi ro ie
U1128,132875,0,shi ro ie
U1006,132875,2,shi ro ie
U1096,132875,2,shi ro ie
U1047,132877,0,sirloin stockade
U1111,132877,1,sirloin stockade
U1015,132877,1,sirloin stockade
U1025,132877,1,sirloin stockade
U1047,132884,0,dairy queen
U1034,132884,0,dairy queen
U1091,132884,2,dairy queen
U1137,132884,2,dairy queen
U1097,132884,1,dairy queen
U1006,132884,2,dairy queen
U1095,132872,1,Pizzeria Julios
U1099,132872,1,Pizzeria Julios
U1128,132872,0,Pizzeria Julios
U1062,132872,0,Pizzeria Julios
U1032,132872,1,Pizzeria Julios
U1085,132872,0,Pizzeria Julios
U1109,132872,1,Pizzeria Julios
U1122,132872,2,Pizzeria Julios
U1089,132872,1,Pizzeria Julios
U1027,132872,1,Pizzeria Julios
U1114,132872,1,Pizzeria Julios
U1058,132872,2,Pizzeria Julios
U1078,132885,1,Hamburguesas saul
U1099,132885,0,Hamburguesas saul
U1085,132885,0,Hamburguesas saul
U1098,132885,1,Hamburguesas saul
U1058,132885,1,Hamburguesas saul
U1138,132921,2,crudalia
U1013,132921,2,crudalia
U1098,132921,1,crudalia
U1033,132921,2,crudalia
U1089,132921,1,crudalia
U1027,132921,1,crudalia
U1029,132921,1,crudalia
U1086,132921,1,crudalia
U1019,132921,0,crudalia
U1061,132921,1,crudalia
U1046,132921,2,crudalia
U1112,132921,1,crudalia
U1128,132921,0,crudalia
U1097,132921,2,crudalia
U1049,132921,0,crudalia
U1002,132921,2,crudalia
U1136,132921,2,crudalia
U1138,132922,2,cafe punta del cielo
U1003,132922,2,cafe punta del cielo
U1029,132922,1,cafe punta del cielo
U1086,132922,2,cafe punta del cielo
U1090,132922,2,cafe punta del cielo
U1006,132922,2,cafe punta del cielo
U1138,132925,1,el pueblito
U1027,132925,1,el pueblito
U1090,132925,2,el pueblito
U1128,132925,0,el pueblito
U1002,132925,1,el pueblito
U1033,132951,2,VIPS
U1089,132951,1,VIPS
U1027,132951,1,VIPS
U1086,132951,1,VIPS
U1137,132951,2,VIPS
U1114,132951,0,VIPS
U1046,132951,1,VIPS
U1128,132951,0,VIPS
U1073,132951,0,VIPS
U1013,132951,2,VIPS
U1003,132937,2,rockabilly 
U1027,132937,1,rockabilly 
U1029,132937,1,rockabilly 
U1086,132937,2,rockabilly 
U1004,132954,2,la parroquia
U1112,132954,0,la parroquia
U1090,132954,2,la parroquia
U1057,132954,1,la parroquia
U1061,132954,2,la parroquia
U1097,132954,1,la parroquia
U1128,132954,0,la parroquia
U1006,132954,1,la parroquia
U1073,132954,0,la parroquia
U1004,132955,2,emilianos
U1061,132955,2,emilianos
U1059,132955,2,emilianos
U1097,132955,2,emilianos
U1096,132955,2,emilianos
U1004,132958,2,tacos los volcanes
U1061,132958,2,tacos los volcanes
U1025,132958,1,tacos los volcanes
U1097,132958,2,tacos los volcanes
U1096,132958,1,tacos los volcanes
U1136,132958,2,tacos los volcanes
